{
  "$schema": "http://json-schema.org/draft-04/schema#",
  "type": "object",
  "properties": {
    "first": {
      "type": "object",
      "properties": {
        "href": {
          "type": "string"
        }
      }
    },
    "last": {
      "type": "object",
      "properties": {
        "href": {
          "type": "string"
        }
      }
    },
    "limit": {
      "type": "number"
    },
    "offset": {
      "type": "number"
    },
    "is_exact_count": {
      "type": "boolean"
    },
    "results": {
      "type": "array",
      "items": {
        "type": "object",
        "properties": {
          "attributes": {
            "type": "object",
            "properties": {
              "birth_date": {
                "type": "object",
                "properties": {
                  "value": {
                    "type": "string"
                  }
                }
              },
              "collection_id": {
                "type": "string"
              },
              "gender": {
                "type": "object",
                "properties": {
                  "value": {
                    "type": "string"
                  }
                }
              },
              "home_telephone": {
                "type": "object",
                "properties": {
                  "phone_number": {
                    "type": "string"
                  }
                }
              },
              "legal_name": {
                "type": "object",
                "properties": {
                  "name_type_code": {
                    "type": "string"
                  },
                  "last_name": {
                    "type": "string"
                  },
                  "given_name": {
                    "type": "string"
                  }
                }
              },
              "patient_id": {
                "type": "array",
                "items": {
                  "type": "object",
                  "properties": {
                    "identification_number": {
                      "type": "string"
                    },
                    "patient_ipid": {
                      "type": "string"
                    }
                  }
                }
              },
              "primary_residence": {
                "type": "object",
                "properties": {
                  "country": {
                    "type": "string"
                  },
                  "address_line1": {
                    "type": "string"
                  },
                  "city": {
                    "type": "string"
                  },
                  "zip_postal_code": {
                    "type": "string"
                  },
                  "county": {
                    "type": "string"
                  }
                }
              },
              "record_id": {
                "type": "string"
              },
              "record_last_updated": {
                "type": "string"
              },
              "record_source": {
                "type": "string"
              },
              "secondary_identifiers": {
                "type": "object",
                "properties": {
                  "marital_status": {
                    "type": "string"
                  },
                  "primary_language": {
                    "type": "string"
                  },
                  "religion": {
                    "type": "string"
                  }
                }
              }
            }
          },
          "id": {
            "type": "string"
          },
          "record_number": {
            "type": "number"
          },
          "type": {
            "type": "string"
          },
          "type_name": {
            "type": "string"
          }
        }
      }
    },
    "total_count": {
      "type": "number"
    }
  },
  "title": "Parsed JSON"
}