{
	"definitions": {},
	"$schema": "http://json-schema.org/draft-07/schema#", 
	"$id": "https://example.com/object1622043223.json", 
	"title": "Root", 
	"type": "object",
	"required": [
		"PATIENT",
		"MESSAGE_TYPE",
		"EVENT",
		"FAMILY_NAME"
	],
	"properties": {
		"PATIENT": {
			"$id": "#root/PATIENT", 
			"title": "Patient", 
			"type": "string",
			"default": "",
			"pattern": "^.*$"
		},
		"MESSAGE_TYPE": {
			"$id": "#root/MESSAGE_TYPE", 
			"title": "Message_type", 
			"type": "string",
			"default": "",
			"pattern": "^.*$"
		},
		"EVENT": {
			"$id": "#root/EVENT", 
			"title": "Event", 
			"type": "string",
			"default": "",
			"pattern": "^.*$"
		},
		"FAMILY_NAME": {
			"$id": "#root/FAMILY_NAME", 
			"title": "Family_name", 
			"type": "string",
			"default": "",
			"pattern": "^.*$"
		}
	}
}
