<?xml version="1.0" encoding="UTF-8" standalone="yes"?>
<MessagePool xmlns="http://wwww.ibm.com/iib/test/1.0.0">
    <InputMessage timestamp="1625129274369" nodeId="FCMComposite_1_2" name="test1" id="1625129274369-202">
        <plainText>MSH%7C%5E%7E%5C%26%7CSendTest1%7CSendfac1%7CReceiveapp1%7CReceivefac1%7C200603081747%7Csecurity%7CORU%5ER01%5EORU_R01%7C1%7CP%5EI%7C2.5%7C%7C%7C%7C%7C%7CASCII%7C%7C%7Carf%5E1.2.3%5E3.4.5%5EDNS%0D%0APID%7C%7C%7C555444222111%5E%5E%5EMPI%26GenHosp%26L%5EMR%7C%7Csmith%5Ejohn%7C%7C19600614%7CM%7C%7CC%7C99+Oakland+%23106%5E%5Eqwerty%5EOH%5E44889%7C%7C%5E%5E%5E%5E%5E626%5E5641111%7C%5E%5E%5E%5E%5E626%5E5647654%7C%7C%7C%7C%7C343132266%7C%7C%7CN%0D%0APD1%7CS%7CA%7CpatientpfacisXON%7CprimarycareXCN%7C%7C%7C%7CF%7CY%7Cduppatient%7Cpubcode%7CY%7C20060316%7CplaceofworshipXON%7CDNR%7CA%7C20060101%7C20050101%7CUSA%7CE1%7CACT%0D%0ANTE%7C1%7CP%7Ccomment+after+PD1%0D%0ANK1%7C2%7CJONES%5EMATHEW%5ELEE%7CFTH%5EFATHER%5EHL70063%7C%7C%7C%7C%7C%7C%7C%7C%7C%7C%7C%7C%7C%7C%7C%7C%7C%7C%7C%7C%7C%7C%7C%7C%7C%7C%7C%7C%7C%7C822546618%5E%5E%5E%5ESS%0D%0APV1%7C%7CI%7C6N%5E1234%5EA%5EGENHOS%7C%7C%7C%7C0100%5EANDERSON%2CCARL%7C0148%5EADDISON%2CJAMES%7C%7CSUR%7C%7C%7C%7C%7C%7C%7C0148%5EANDERSON%2CCARL%7CS%7C1400%7CA%7C%7C%7C%7C%7C%7C%7C%7C%7C%7C%7C%7C%7C%7C%7C%7C%7C%7C%7CSF%7CK%7C%7C%7C%7C199501102300%0D%0APV2%7Cpriorpendingpoint%5Epproom%5Eppbed%5Eppfacilitynamespce20%26universalidisST100.web.ppfacility.com%26DNS%5Eppstatus%5EN%5Eppbuilding%5Eppfloor%5Epplocation+description%5Eppid%26ppcomplocationidns%26uid.web.ppcomp.com%26DNS%5Eppaauthnamespace%26uid.web.assignauth.com%26DNS%7Caccomcode%7Cadmitreason%7Ctransferreason%7Cpatientvalu%7Cpatientvaluloc%7CPH%7C20060315%7C20060316%7C2%7C4%7Cvisit+description%7Creferral1%7Ereferral2%7C200504%7CY%7CP%7C20060415%7CFP%7CY%7C1%7CF%7CY%7Cclinicorgname%7CAI%7C2%7C20060316%7C05%7C20060318%7C20060318%7Cchargecode%7CRC%7CY%7C20060315%7CY%7CY%7CY%7CY%7CP%7CK%7CAC%7CA%7CA%7CN%7CY%7CDNR%7C20060101%7C200604010800%7C200602140900%7CO%0D%0AORC%7CNW%7C1000%5EOE%7C9999999%5ERX%7C%7C%7CE%7C%26%5EQ6H%5ED10%5E%5E%5ER%0D%0AOBR%7C1%7Cobr_placerorder%7Cobr_fillerorder%7Cobuid%7C%7C%7C200603151020%7C%7C1%5Eml%7Cobrcollectionid%7CG%7CdangercodeisCE%7CclinicalinfoisST%7C200603151020%7Cspsbackwardonly%7CordproviderXCN%7C%5EORN%5ECP%5E%5E%5E734%5E6777777%5E%5Eobrcallback%7Cplacer1%7Cplacer2%7Cfiller1%7Cfiller2%7C200603151041%7C99.5%5EUSD%7CMYC%7CX%7CparentisCE%7C%7C%7C%7C%7Creasonforstudy%7Cpresult%7Caresult%0D%0ATQ1%7C%7C%7C%7C%7C%7C30%5EM%7C199401060930%7C199401061000%0D%0ATQ2%7C1%7CS%7Crelatedplacer%7Crelatedfiller%7Cplacergroupnumber%7CEE%7C*%7C10%5Emin%7C4%7CN%0D%0AOBX%7C1%7CTX%7C%5Ehunchback%7C1%7CIncreasing%7C%7C%7C%7C%7C%7CS%0D%0AFT1%7C1%7C%7C%7C199805291115-0700%7C%7CCG%7C00378112001%5EVerapamilHydrochloride+120+mgTAB%5ENDC%7C%7C%7C1%7C5%26USD%5ETP%0D%0ACTI%7CsponsorstudyID%7CstudyphaseidisDE%7CschedultimepointisCE%0D%0ASPM%7C%7C%7C%7CspecimantypeST20%0D%0AOBX%7C1%7CTX%7C%5Eproblemgone%7C1%7CIncreasing%7C%7C%7C%7C%7C%7CS</plainText>
    </InputMessage>
    <InputMessage timestamp="1625129434371" nodeId="FCMComposite_1_2" name="test2" id="1625129434371-304">
        <plainText>MSH%7C%5E%7E%5C%26%7CSendTest1%7CSendfac1%7CReceiveapp1%7CReceivefac1%7C200603081747%7Csecurity%7CORU%5ER01%5EORU_R01%7C1%7CP%5EI%7C2.5%7C%7C%7C%7C%7C%7CASCII%7C%7C%7Carf%5E1.2.3%5E3.4.5%5EDNS%0D%0APID%7C%7C%7C555444222111%5E%5E%5EMPI%26GenHosp%26L%5EMR%7C%7Csmith%5Ejohn%7C%7C19600614%7CM%7C%7CC%7C99+Oakland+%23106%5E%5Eqwerty%5EOH%5E44889%7C%7C%5E%5E%5E%5E%5E626%5E5641111%7C%5E%5E%5E%5E%5E626%5E5647654%7C%7C%7C%7C%7C343132266%7C%7C%7CN%0D%0APD1%7CS%7CA%7CpatientpfacisXON%7CprimarycareXCN%7C%7C%7C%7CF%7CY%7Cduppatient%7Cpubcode%7CY%7C20060316%7CplaceofworshipXON%7CDNR%7CA%7C20060101%7C20050101%7CUSA%7CE1%7CACT%0D%0ANTE%7C1%7CP%7Ccomment+after+PD1%0D%0ANK1%7C2%7CJONES%5EMATHEW%5ELEE%7CFTH%5EFATHER%5EHL70063%7C%7C%7C%7C%7C%7C%7C%7C%7C%7C%7C%7C%7C%7C%7C%7C%7C%7C%7C%7C%7C%7C%7C%7C%7C%7C%7C%7C%7C%7C822546618%5E%5E%5E%5ESS%0D%0APV1%7C%7CI%7C6N%5E1234%5EA%5EGENHOS%7C%7C%7C%7C0100%5EANDERSON%2CCARL%7C0148%5EADDISON%2CJAMES%7C%7CSUR%7C%7C%7C%7C%7C%7C%7C0148%5EANDERSON%2CCARL%7CS%7C1400%7CA%7C%7C%7C%7C%7C%7C%7C%7C%7C%7C%7C%7C%7C%7C%7C%7C%7C%7C%7CSF%7CK%7C%7C%7C%7C199501102300%0D%0APV2%7Cpriorpendingpoint%5Epproom%5Eppbed%5Eppfacilitynamespce20%26universalidisST100.web.ppfacility.com%26DNS%5Eppstatus%5EN%5Eppbuilding%5Eppfloor%5Epplocation+description%5Eppid%26ppcomplocationidns%26uid.web.ppcomp.com%26DNS%5Eppaauthnamespace%26uid.web.assignauth.com%26DNS%7Caccomcode%7Cadmitreason%7Ctransferreason%7Cpatientvalu%7Cpatientvaluloc%7CPH%7C20060315%7C20060316%7C2%7C4%7Cvisit+description%7Creferral1%7Ereferral2%7C200504%7CY%7CP%7C20060415%7CFP%7CY%7C1%7CF%7CY%7Cclinicorgname%7CAI%7C2%7C20060316%7C05%7C20060318%7C20060318%7Cchargecode%7CRC%7CY%7C20060315%7CY%7CY%7CY%7CY%7CP%7CK%7CAC%7CA%7CA%7CN%7CY%7CDNR%7C20060101%7C200604010800%7C200602140900%7CO%0D%0AORC%7CNW%7C1000%5EOE%7C9999999%5ERX%7C%7C%7CE%7C%26%5EQ6H%5ED10%5E%5E%5ER%0D%0AOBR%7C1%7Cobr_placerorder%7Cobr_fillerorder%7Cobuid%7C%7C%7C200603151020%7C%7C1%5Eml%7Cobrcollectionid%7CG%7CdangercodeisCE%7CclinicalinfoisST%7C200603151020%7Cspsbackwardonly%7CordproviderXCN%7C%5EORN%5ECP%5E%5E%5E734%5E6777777%5E%5Eobrcallback%7Cplacer1%7Cplacer2%7Cfiller1%7Cfiller2%7C200603151041%7C99.5%5EUSD%7CMYC%7CX%7CparentisCE%7C%7C%7C%7C%7Creasonforstudy%7Cpresult%7Caresult%0D%0ATQ1%7C%7C%7C%7C%7C%7C30%5EM%7C199401060930%7C199401061000%0D%0ATQ2%7C1%7CS%7Crelatedplacer%7Crelatedfiller%7Cplacergroupnumber%7CEE%7C*%7C10%5Emin%7C4%7CN%0D%0AOBX%7C1%7CTX%7C%5Ehunchback%7C1%7CPatient+has+lung+cancer%2C+but+did+not+smoke.+She+may+consider+chemotherapy+as+part+of+a+treatment+plan.%7C%7C%7C%7C%7C%7CS%0D%0AFT1%7C1%7C%7C%7C199805291115-0700%7C%7CCG%7C00378112001%5EVerapamilHydrochloride+120+mgTAB%5ENDC%7C%7C%7C1%7C5%26USD%5ETP%0D%0ACTI%7CsponsorstudyID%7CstudyphaseidisDE%7CschedultimepointisCE%0D%0ASPM%7C%7C%7C%7CspecimantypeST20%0D%0A</plainText>
    </InputMessage>
</MessagePool>
