<?xml version="1.0" encoding="UTF-8"?><p:root xmlns:p="com.ibm.healthcare.pattern.HL7DFDL.pattern">
<instanceName>NHSHL7</instanceName>
<sourcesNum>5061747465726E732131</sourcesNum>
<sourceType>Generic</sourceType>
<sourceFacility/>
<sourceIdentifier>Source application</sourceIdentifier>
<connectionDetails>localhost:1111</connectionDetails>
<sourceTimeout>60</sourceTimeout>
<Leading>0B</Leading>
<trailingMLLP>1C0D</trailingMLLP>
<errorLimit>0</errorLimit>
<sourceType2>Generic</sourceType2>
<sourceFacility2/>
<sourceIdentifier2>Source application 2</sourceIdentifier2>
<connectionDetails2>localhost:1112</connectionDetails2>
<sourceTimeout2>60</sourceTimeout2>
<Leading2>0B</Leading2>
<trailingMLLP2>1C0D</trailingMLLP2>
<errorLimit2>0</errorLimit2>
<sourceType3>Generic</sourceType3>
<sourceFacility3/>
<sourceIdentifier3>Source application 3</sourceIdentifier3>
<connectionDetails3>localhost:1113</connectionDetails3>
<sourceTimeout3>60</sourceTimeout3>
<Leading3>0B</Leading3>
<trailingMLLP3>1C0D</trailingMLLP3>
<errorLimit3>0</errorLimit3>
<sourceType4>Generic</sourceType4>
<sourceFacility4/>
<sourceIdentifier4>Source application</sourceIdentifier4>
<connectionDetails4>localhost:1114</connectionDetails4>
<sourceTimeout4>60</sourceTimeout4>
<Leading4>0B</Leading4>
<trailingMLLP4>1C0D</trailingMLLP4>
<errorLimit4>0</errorLimit4>
<sourceType5>Generic</sourceType5>
<sourceFacility5/>
<sourceIdentifier5>Source application 5</sourceIdentifier5>
<connectionDetails5>localhost:1115</connectionDetails5>
<sourceTimeout5>60</sourceTimeout5>
<Leading5>0B</Leading5>
<trailingMLLP5>1C0D</trailingMLLP5>
<errorLimit5>0</errorLimit5>
<sourceType6>Generic</sourceType6>
<sourceFacility6/>
<sourceIdentifier6>Source application 6</sourceIdentifier6>
<connectionDetails6>localhost:1116</connectionDetails6>
<sourceTimeout6>60</sourceTimeout6>
<Leading6>0B</Leading6>
<trailingMLLP6>1C0D</trailingMLLP6>
<errorLimit6>0</errorLimit6>
<numTransforms>0</numTransforms>
<destNum>1</destNum>
<continuation>1</continuation>
<destinationType1>Generic</destinationType1>
<destIdentifier1>Destination 1</destIdentifier1>
<destFacility1/>
<seqAction1>noSequencing</seqAction1>
<sequencingTimeout1/>
<msgFilter1>false</msgFilter1>
<dest1SegFilter>false</dest1SegFilter>
<connection1>localhost:2222</connection1>
<standardMLLP1>true</standardMLLP1>
<msgfilters1>
<row>
<messagecode/>
<messageevent/>
</row>
</msgfilters1>
<segmentFiltersDest1>
<row>
<seg/>
</row>
</segmentFiltersDest1>
<timeoutDest1>60</timeoutDest1>
<leadingMLLP1>0B</leadingMLLP1>
<customDelimiter1>1C0D</customDelimiter1>
<retryLimit1>3</retryLimit1>
<logRetries1>true</logRetries1>
<validation1>none</validation1>
<destinationType2>Generic</destinationType2>
<destIdentifier2>Destination 2</destIdentifier2>
<destFacility2/>
<seqAction2>noSequencing</seqAction2>
<sequencingTimeout2/>
<msgFilter2>false</msgFilter2>
<dest2SegFilter>false</dest2SegFilter>
<connection2>localhost:3333</connection2>
<standardMLLP2>true</standardMLLP2>
<msgfilters2>
<row>
<messagecode/>
<messageevent/>
</row>
</msgfilters2>
<segmentFiltersDest2>
<row>
<seg/>
</row>
</segmentFiltersDest2>
<timeoutDest2>60</timeoutDest2>
<leadingMLLP2>0B</leadingMLLP2>
<customDelimiter2>1C0D</customDelimiter2>
<retryLimit2>3</retryLimit2>
<logRetries2>true</logRetries2>
<validation2>none</validation2>
<destinationType3>Generic</destinationType3>
<destIdentifier3>Destination 3</destIdentifier3>
<destFacility3/>
<seqAction3>noSequencing</seqAction3>
<sequencingTimeout3/>
<msgFilter3>false</msgFilter3>
<dest3SegFilter>false</dest3SegFilter>
<connection3>localhost:4444</connection3>
<standardMLLP3>true</standardMLLP3>
<msgfilters3>
<row>
<messagecode/>
<messageevent/>
</row>
</msgfilters3>
<segmentFiltersDest3>
<row>
<seg/>
</row>
</segmentFiltersDest3>
<timeoutDest3>60</timeoutDest3>
<leadingMLLP3>0B</leadingMLLP3>
<customDelimiter3>1C0D</customDelimiter3>
<retryLimit>1</retryLimit>
<logRetries3>true</logRetries3>
<validation3>none</validation3>
<destinationType4>Generic</destinationType4>
<destIdentifier4>Destination 4</destIdentifier4>
<destFacility4/>
<seqAction4>noSequencing</seqAction4>
<sequencingTimeout4/>
<msgFilter4>false</msgFilter4>
<dest4SegFilter>false</dest4SegFilter>
<connection4>localhost:5555</connection4>
<standardMLLP4>true</standardMLLP4>
<msgfilters4>
<row>
<messagecode/>
<messageevent/>
</row>
</msgfilters4>
<segmentFiltersDest4>
<row>
<seg/>
</row>
</segmentFiltersDest4>
<timeoutDest4>60</timeoutDest4>
<leadingMLLP4>0B</leadingMLLP4>
<customDelimiter4>1C0D</customDelimiter4>
<retryLimit4>1</retryLimit4>
<logRetries4>true</logRetries4>
<validation4>none</validation4>
<destinationType5>Generic</destinationType5>
<destIdentifier5>Destination 5</destIdentifier5>
<destFacility5/>
<seqAction5>noSequencing</seqAction5>
<sequencingTimeout5/>
<msgFilter5>false</msgFilter5>
<dest5SegFilter>false</dest5SegFilter>
<connection5>localhost:6666</connection5>
<standardMLLP5>true</standardMLLP5>
<msgfilters5>
<row>
<messagecode/>
<messageevent/>
</row>
</msgfilters5>
<segmentFiltersDest5>
<row>
<seg/>
</row>
</segmentFiltersDest5>
<timeoutDest5>60</timeoutDest5>
<leadingMLLP5>0B</leadingMLLP5>
<customDelimiter5>1C0D</customDelimiter5>
<retryLimit5>1</retryLimit5>
<logRetries5>true</logRetries5>
<validation5>none</validation5>
<destinationType6>Generic</destinationType6>
<destIdentifier6>Destination 6</destIdentifier6>
<destFacility6/>
<seqAction6>noSequencing</seqAction6>
<sequencingTimeout6/>
<msgFilter6>false</msgFilter6>
<dest6SegFilter>false</dest6SegFilter>
<connection6>localhost:7777</connection6>
<standardMLLP6>true</standardMLLP6>
<msgfilters6>
<row>
<messagecode/>
<messageevent/>
</row>
</msgfilters6>
<segmentFiltersDest6>
<row>
<seg/>
</row>
</segmentFiltersDest6>
<timeoutDest6>60</timeoutDest6>
<leadingMLLP6>0B</leadingMLLP6>
<customDelimiter6>1C0D</customDelimiter6>
<retryLimit6>1</retryLimit6>
<logRetries6>true</logRetries6>
<validation6>none</validation6>
<sourceFeed>true</sourceFeed>
<sequencing>noSequencing</sequencing>
<ack>true</ack>
<journalling>none</journalling>
<canonicalFeed>false</canonicalFeed>
<reportRemainders>false</reportRemainders>
<checkDuplicates>false</checkDuplicates>
<publish>Queue</publish>
<separateSeqQs>false</separateSeqQs>
<reportDuplicates>true</reportDuplicates>
<messageExpiry>86400</messageExpiry>
<Description>HL7 Pattern</Description>
<queuePrefix/>
<flowPrefix/>
<scripts>true</scripts>
<traceFile>tracefile.txt</traceFile>
<integrationProject>false</integrationProject>
</p:root>