<?xml version="1.0" encoding="UTF-8" standalone="yes"?>
<MessagePool xmlns="http://wwww.ibm.com/iib/test/1.0.0">
    <InputMessage timestamp="1625585544109" nodeId="FCMComposite_1_8" name="new message 1" id="1625585544109-278">
        <plainText>MSH%7C%5E%7E%5C%26%7CQDOC%7CAGFA%7CXXXX%7CXXXX%7C20210504145434%7C%7CORU%5ER01%5EORU_R01%7C653538%7CP%7C2.4%0APID%7C%7C%7CPtyCMr0%7C%7Cx4cfid%5EEj2dmo%5Er6eni%7C%7C19230126083450%7CF%7C%7C%7CNtZtcMg5m8veTGPb%5E%5Ew6ahpjIEscxKr2sl%5E%5Ewmz8J7N%5EGBR%5E%5E%5E%5E%7C%7C9585269%7C8150408%7C%7C%7C%7C%7CPyuFMvWU4K%0APV1%7C%7CO%7C%7C%7C%7C%7C%7C%7C%7C%7C%7C%7C%7C%7C%7C%7C%7CAOP%0AORC%7CRE%7CMsuIMsWX%5EICE%7CNvsGJvZ%5EHIMG%7C7786831%5EICE%7CCM%7C%7C%5E%5E%5E20210504144600%7C%7C%7Cu2tBK%7C%7CPvsDIz2%5EHQPR%5EHQPR%5EJLT%5E%5EJLT%7COPD%5E%5E%5EHH%7C%7C%7C%7C%7C%7C%7C%7COPD%7C%7C%7C%7CF%5EFinished%0AOBR%7C1%7CMsuIMsWX%5EICE%7CNvsGJvZ%5EHIMG%7C99EIEP%5EImage+Export+%28IEP%29%7C%7C20210504144000%7C20210504144600%7C%7C%7C%7C%7C%7CPATIENT+STATUS+%3A+NHS+MR+MRI+Heart+26%2F04%2F2021+15%3A26%3A44+1075+100003030682%7C%7C%7CPvsDIz2%5EHQPR%5EJoyce%5EJLT%5E%5EJLT%7C%7CMssBItUV1CMO%7COPD%5EOutpatient+Clinic+HH%7CF%7C%7C20210504145424%7C%7COT%7CF%7C%7C%7C%7C%7CWALK%7C%7CRAD%26Department%26Imaging%7C%7Cu2tBK%26Jessy+Antalika%5E%5E20210504144600%7C%5E%5E20210504145424%0AOBX%7C1%7CFT%7C99EIEP%26GDT%5EImage+Export+%28IEP%29%7C%7CImage+Export+%28IEP%29%5C.br%5C%5C.br%5CA+copy+of+this+patient%C3%AF%C2%BF%C2%BDs+images+has+been+exported+to+another+facility.%5C.br%5C%5C.br%5C%5C.br%5C%5C.br%5CReported+By%3A+Imaging+Department+*Automated+Report*%5C.br%5C%5C.br%5CReviewed+By%3A++%5C.br%5C+%5C.br%5CReport+Status%3A+Validated+%2F+Imaging+Department%7C%7C%7C%7C%7C%7CF%7C%7C%7C20210504145424%0ANTE%7C%7C%7CPATIENT+STATUS+%3A+NHS</plainText>
    </InputMessage>
    <MQInputMessage timestamp="1625585667719" nodeId="FCMComposite_1_1" name="new message 2" id="1625585667719-352">
        <plainText></plainText>
        <MessageHeader backoutCount="0" characterSet="0" encoding="0" expiry="-1" feedback="0" messageFlags="0" messageType="8" messageSequenceNumber="1" offset="0" originalLength="-1" persistence="2" priority="-1" putApplicationType="0" report="0"/>
    </MQInputMessage>
</MessagePool>
