{
  "swagger" : "2.0",
  "info" : {
    "title" : "acdrest",
    "version" : "1.0.0",
    "description" : "acdrest"
  },
  "paths" : {
    "/text" : {
      "post" : {
        "operationId" : "postText",
        "responses" : {
          "200" : {
            "description" : "The operation was successful."
          }
        },
        "consumes" : [ "application/json" ],
        "produces" : [ "application/json" ],
        "description" : "Insert a text",
        "parameters" : [ {
          "name" : "body",
          "in" : "body",
          "schema" : {
            "$ref" : "#/definitions/hl7"
          },
          "description" : "The request body for the operation",
          "required" : true
        } ]
      }
    }
  },
  "basePath" : "/acdrest/v1",
  "definitions" : {
    "hl7" : {
      "type" : "object",
      "properties" : {
        "content" : {
          "type" : "string"
        }
      }
    }
  }
}